{
    "items": {
        "mtwaagcb": {
            "Alignment Range": 18.6,
            "Alignment Force": 0.2201,
            "Pinned Cells": [
                "none",
                "none",
                "none"
            ],
            "Interaction Force": 4.3107,
            "Gradient Intensity": [
                0.0,
                0.59,
                0.82
            ],
            "Cell Ratio": [
                0.36,
                0.64,
                0.0
            ],
            "Adhesion": [
                [
                    3.9499999999999997,
                    0.91,
                    0.73
                ],
                [
                    0.91,
                    1.65,
                    0.77
                ],
                [
                    0.73,
                    0.77,
                    2.1799999999999997
                ]
            ],
            "Noise Intensity": 0.5,
            "Angular Inertia": 4.5118,
            "Velocity": [
                0.029,
                0.07100000000000001,
                0.053
            ],
            "Cell Density": 0.84,
            "Gradient Direction": [
                1.13,
                1.63,
                1.72
            ],
            "Interaction Range": 15.0
        }
    },
    "loc": {
        "0": "mtwaagcb"
    }
}